post_content,reaction_count,full_text,reactions_numeric
Facebook Facebook Facebook Facebook Facebook Facebook Facebook Facebook Facebook Facebook Facebook Facebook Facebook Facebook Facebook Facebook Facebook Facebook Facebook Facebook Facebook Facebook Fa,3,Facebook Facebook Facebook Facebook Facebook Facebook Facebook Facebook Facebook Facebook Facebook Facebook Facebook Facebook Facebook Facebook Facebook Facebook Facebook Facebook Facebook Facebook Facebook Facebook Facebook Facebook Facebook Facebook Facebook Facebook Facebook Facebook Facebook Routine of Nepal banda n p t d o r s o S e u f 3 7 g 7 t c 0 a a l 1 5 i a 0 a u 2 0 f t 4 h h 3 8 1 u m 4 6 3 4 h 9 9 3 c u g h u 2 9 m 5 8 1 · Shared with Public प्रधानमन्त्री सुशीला कार्कीले मुक्तिनाथ मन्दिरको दर्शन गर्नु भएको छ! 2jU5s.com नवराज प्रधानमन्त्री सुशीला कार्कीले मुक्तिनाथ मन्दिरको दर्शन गर्नु भएको छ! n p t d o r s o S e u f 3 7 g 7 t c 0 a a l 1 5 i a 0 a u 2 0 f t L e h 3 M 1 u r 4 o 3 n h e 9 3 c u a h u 2 r 5 8 1 All reactions: 9.4K Bis Wash and 9.4K others 119 comments 3 shares Like Comment Share View more comments JR Puzan Shrestha RONB doesn’t post news… they post flashbacks... 41m Like Reply 4 Comment as नवराज भण्डारी Facebook Facebook Facebook Facebook Facebook Facebook Facebook Facebook Facebook Facebook Facebook,3.0
Facebook Facebook Facebook Facebook Facebook Facebook Facebook Facebook Facebook Facebook Facebook Facebook Facebook Facebook Facebook Facebook Facebook Facebook Facebook Facebook Facebook Facebook Fa,7,Facebook Facebook Facebook Facebook Facebook Facebook Facebook Facebook Facebook Facebook Facebook Facebook Facebook Facebook Facebook Facebook Facebook Facebook Facebook Facebook Facebook Facebook Facebook Facebook Facebook Facebook Facebook Facebook Facebook Facebook Facebook Facebook Facebook Routine of Nepal banda o d S n s e t p r o h 7 1 3 3 7 7 m c g 7 3 g h 7 f i i u m f f c h t 1 t 6 l t a f m 1 9 9 a 6 m 2 1 0 h m 5 8 h a 2 c · Shared with Public Amazing art of Lord Ganesh. … See more MHVpAN7lwM.com नवराज Amazing art of Lord Ganesh. Photo. Razes Arts o d S n s e t p r o h 7 1 3 3 7 7 m c g 7 3 h 7 f L i u m f e M h t 1 t 6 a t a f m 1 9 9 a 6 m o 1 0 r m 5 n r a 2 e All reactions: 7.9K 7.9K 82 comments 6 shares Like Comment Share View more comments Sushmita Sigdel Jaya ganesh 1h Like Reply Comment as नवराज भण्डारी Facebook Facebook Facebook Facebook Facebook Facebook Facebook Facebook Facebook Facebook Facebook,7.0
,0,,0.0
,0,,0.0
,0,,0.0
,0,,0.0
,0,,0.0
,0,,0.0
,0,,0.0
,0,,0.0
,0,,0.0
,0,,0.0
,0,,0.0
,0,,0.0
,0,,0.0
,0,,0.0
,0,,0.0
,0,,0.0
,0,,0.0
,0,,0.0
,0,,0.0
,0,,0.0
,0,,0.0
,0,,0.0
,0,,0.0
,0,,0.0
